{"mean":{"confidence_interval":{"confidence_level":0.95,"lower_bound":0.1426477960170695,"upper_bound":0.1872012378854669},"point_estimate":0.16457561130558518,"standard_error":0.011200558638590263},"median":{"confidence_interval":{"confidence_level":0.95,"lower_bound":0.11989001554587296,"upper_bound":0.2013771502452362},"point_estimate":0.16400624343075254,"standard_error":0.021478707576435913}}