{"mean":{"confidence_interval":{"confidence_level":0.95,"lower_bound":0.1764087623705745,"upper_bound":0.23531817142544598},"point_estimate":0.20435439613745632,"standard_error":0.01563967202670328},"median":{"confidence_interval":{"confidence_level":0.95,"lower_bound":0.13144825178385688,"upper_bound":0.16432640521800415},"point_estimate":0.1504104659745138,"standard_error":0.008530226751134235}}