{"mean":{"confidence_interval":{"confidence_level":0.95,"lower_bound":-0.09033307150725439,"upper_bound":-0.06802431333225435},"point_estimate":-0.07947380051225195,"standard_error":0.005692245410476965},"median":{"confidence_interval":{"confidence_level":0.95,"lower_bound":-0.08796053996726244,"upper_bound":-0.07629630731009052},"point_estimate":-0.08242156988890215,"standard_error":0.0029531276833822196}}