{"mean":{"confidence_interval":{"confidence_level":0.95,"lower_bound":0.10714580335512704,"upper_bound":0.1446072913355159},"point_estimate":0.1245427948196225,"standard_error":0.009485080714505068},"median":{"confidence_interval":{"confidence_level":0.95,"lower_bound":0.08309538343717615,"upper_bound":0.14771184002283122},"point_estimate":0.10819923611032611,"standard_error":0.01722604113923459}}