{"mean":{"confidence_interval":{"confidence_level":0.95,"lower_bound":220658985.8,"upper_bound":229014796.275},"point_estimate":224601374.0,"standard_error":2128787.5826690933},"median":{"confidence_interval":{"confidence_level":0.95,"lower_bound":215065600.0,"upper_bound":221288650.0},"point_estimate":217485100.0,"standard_error":1628645.838950206},"median_abs_dev":{"confidence_interval":{"confidence_level":0.95,"lower_bound":10216003.378629684,"upper_bound":18470971.7720747},"point_estimate":14637487.150132656,"standard_error":2081032.0702774795},"slope":null,"std_dev":{"confidence_interval":{"confidence_level":0.95,"lower_bound":15488732.461867357,"upper_bound":26962271.508800566},"point_estimate":21350086.25433628,"standard_error":2962870.543852866}}