{"mean":{"confidence_interval":{"confidence_level":0.95,"lower_bound":67639155.0,"upper_bound":69885650.475},"point_estimate":68714636.0,"standard_error":572896.7768818816},"median":{"confidence_interval":{"confidence_level":0.95,"lower_bound":66498950.0,"upper_bound":67953350.0},"point_estimate":67308650.0,"standard_error":393971.48597526643},"median_abs_dev":{"confidence_interval":{"confidence_level":0.95,"lower_bound":3373646.9738557944,"upper_bound":5612901.110351086},"point_estimate":4403914.96181488,"standard_error":561542.8450469989},"slope":null,"std_dev":{"confidence_interval":{"confidence_level":0.95,"lower_bound":4338810.758759769,"upper_bound":7231857.907943817},"point_estimate":5739561.12726752,"standard_error":759844.5933302444}}