{"mean":{"confidence_interval":{"confidence_level":0.95,"lower_bound":1471464319.35,"upper_bound":1493717565.5},"point_estimate":1482575392.0,"standard_error":5673327.403737321},"median":{"confidence_interval":{"confidence_level":0.95,"lower_bound":1467535500.0,"upper_bound":1505090950.0},"point_estimate":1482231900.0,"standard_error":9754618.84406294},"median_abs_dev":{"confidence_interval":{"confidence_level":0.95,"lower_bound":50666000.85049868,"upper_bound":81975250.57464838},"point_estimate":65423133.818507195,"standard_error":7986768.788389223},"slope":null,"std_dev":{"confidence_interval":{"confidence_level":0.95,"lower_bound":50645236.97480873,"upper_bound":62543112.0961782},"point_estimate":56955786.54236215,"standard_error":3035970.24059272}}