{"mean":{"confidence_interval":{"confidence_level":0.95,"lower_bound":1746028158.525,"upper_bound":1768727423.025},"point_estimate":1757226016.0,"standard_error":5819073.197714618},"median":{"confidence_interval":{"confidence_level":0.95,"lower_bound":1739793800.0,"upper_bound":1778399050.0},"point_estimate":1756052550.0,"standard_error":9735751.464314241},"median_abs_dev":{"confidence_interval":{"confidence_level":0.95,"lower_bound":54054742.54533649,"upper_bound":80710248.09260666},"point_estimate":70280427.85227299,"standard_error":6649595.337897744},"slope":null,"std_dev":{"confidence_interval":{"confidence_level":0.95,"lower_bound":50268542.99742591,"upper_bound":67227173.03634253},"point_estimate":58379232.16390061,"standard_error":4372588.09561559}}