{"mean":{"confidence_interval":{"confidence_level":0.95,"lower_bound":928380233.7,"upper_bound":950580068.35},"point_estimate":939228945.0,"standard_error":5654121.814629774},"median":{"confidence_interval":{"confidence_level":0.95,"lower_bound":914011550.0,"upper_bound":940203900.0},"point_estimate":925874250.0,"standard_error":6535323.544847986},"median_abs_dev":{"confidence_interval":{"confidence_level":0.95,"lower_bound":25901169.800162315,"upper_bound":49954988.52787145},"point_estimate":36297457.335591316,"standard_error":6198412.256326996},"slope":null,"std_dev":{"confidence_interval":{"confidence_level":0.95,"lower_bound":44835672.08669954,"upper_bound":68763381.80433348},"point_estimate":56902688.294891044,"standard_error":6134932.115100889}}