{"mean":{"confidence_interval":{"confidence_level":0.95,"lower_bound":-0.20211257234082944,"upper_bound":-0.17157820438856744},"point_estimate":-0.1868452449133713,"standard_error":0.007841743397277225},"median":{"confidence_interval":{"confidence_level":0.95,"lower_bound":-0.21239036367710992,"upper_bound":-0.18426131237698293},"point_estimate":-0.19851672165191092,"standard_error":0.007071059432222406}}