{"mean":{"confidence_interval":{"confidence_level":0.95,"lower_bound":-0.012925385438893558,"upper_bound":0.010217294030981375},"point_estimate":-0.001744492160074551,"standard_error":0.005888012237800742},"median":{"confidence_interval":{"confidence_level":0.95,"lower_bound":-0.022293575613505645,"upper_bound":0.0064602992454410035},"point_estimate":-0.0072495183196175095,"standard_error":0.007432194412788459}}