{"mean":{"confidence_interval":{"confidence_level":0.95,"lower_bound":3304010290.25,"upper_bound":3363855259.1},"point_estimate":3332707442.0,"standard_error":15281089.358594967},"median":{"confidence_interval":{"confidence_level":0.95,"lower_bound":3266863000.0,"upper_bound":3338161400.0},"point_estimate":3306434800.0,"standard_error":18763693.84626024},"median_abs_dev":{"confidence_interval":{"confidence_level":0.95,"lower_bound":101366842.8003788,"upper_bound":182305237.08343506},"point_estimate":156679015.44839144,"standard_error":21701966.237835914},"slope":null,"std_dev":{"confidence_interval":{"confidence_level":0.95,"lower_bound":117450396.08126485,"upper_bound":195348096.4194624},"point_estimate":153370758.08815512,"standard_error":21044130.88442463}}