{"mean":{"confidence_interval":{"confidence_level":0.95,"lower_bound":2349318609.725,"upper_bound":2416057751.45},"point_estimate":2381551052.0,"standard_error":17097768.65425159},"median":{"confidence_interval":{"confidence_level":0.95,"lower_bound":2324158000.0,"upper_bound":2376889100.0},"point_estimate":2342049150.0,"standard_error":12356330.721701223},"median_abs_dev":{"confidence_interval":{"confidence_level":0.95,"lower_bound":88500469.57880259,"upper_bound":157370466.7176157},"point_estimate":115474374.58992004,"standard_error":18032338.74661796},"slope":null,"std_dev":{"confidence_interval":{"confidence_level":0.95,"lower_bound":129764314.4813975,"upper_bound":211203538.22434825},"point_estimate":171852257.44830665,"standard_error":20914694.805523563}}