{"mean":{"confidence_interval":{"confidence_level":0.95,"lower_bound":280426926.375,"upper_bound":284670984.7},"point_estimate":282525936.0,"standard_error":1089074.4410100097},"median":{"confidence_interval":{"confidence_level":0.95,"lower_bound":276903300.0,"upper_bound":286476200.0},"point_estimate":282635600.0,"standard_error":2853576.9351076763},"median_abs_dev":{"confidence_interval":{"confidence_level":0.95,"lower_bound":9866702.824831009,"upper_bound":15455850.830353787},"point_estimate":13347402.783036232,"standard_error":1413373.777690773},"slope":null,"std_dev":{"confidence_interval":{"confidence_level":0.95,"lower_bound":9432178.76360356,"upper_bound":12563058.43614186},"point_estimate":10937357.368596304,"standard_error":809049.1124685045}}