{"mean":{"confidence_interval":{"confidence_level":0.95,"lower_bound":52264848.65,"upper_bound":54610980.25},"point_estimate":53427832.0,"standard_error":599292.4113979884},"median":{"confidence_interval":{"confidence_level":0.95,"lower_bound":50122800.0,"upper_bound":55076300.0},"point_estimate":53336650.0,"standard_error":1415017.243257583},"median_abs_dev":{"confidence_interval":{"confidence_level":0.95,"lower_bound":5525427.711904049,"upper_bound":8409974.220693111},"point_estimate":7125449.603497982,"standard_error":733266.7711731653},"slope":null,"std_dev":{"confidence_interval":{"confidence_level":0.95,"lower_bound":5307611.654832133,"upper_bound":6640322.722009501},"point_estimate":6017165.285422777,"standard_error":341142.1188919339}}