{
  "mean": {
    "confidence_interval": {
      "confidence_level": 0.95,
      "lower_bound": 5583041.0925,
      "upper_bound": 6376826.217499999
    },
    "point_estimate": 5943877.4,
    "standard_error": 202744.50541461914
  },
  "median": {
    "confidence_interval": {
      "confidence_level": 0.95,
      "lower_bound": 5070455.0,
      "upper_bound": 5445565.0
    },
    "point_estimate": 5229055.0,
    "standard_error": 96426.08832599546
  },
  "median_abs_dev": {
    "confidence_interval": {
      "confidence_level": 0.95,
      "lower_bound": 275726.53010487556,
      "upper_bound": 695035.4546606541
    },
    "point_estimate": 467359.98970270157,
    "standard_error": 104089.53099530587
  },
  "slope": null,
  "std_dev": {
    "confidence_interval": {
      "confidence_level": 0.95,
      "lower_bound": 1196768.2699254863,
      "upper_bound": 2749972.0737272426
    },
    "point_estimate": 2038158.0896042946,
    "standard_error": 397202.5646246223
  }
}