{"mean":{"confidence_interval":{"confidence_level":0.95,"lower_bound":8375456.695833335,"upper_bound":8572203.554166669},"point_estimate":8467245.833333332,"standard_error":50343.29634423621},"median":{"confidence_interval":{"confidence_level":0.95,"lower_bound":8313100.0,"upper_bound":8488825.0},"point_estimate":8414233.333333332,"standard_error":56800.06040954457},"median_abs_dev":{"confidence_interval":{"confidence_level":0.95,"lower_bound":220277.29108929634,"upper_bound":352759.95373725984},"point_estimate":271142.8251862528,"standard_error":34510.524944617595},"slope":null,"std_dev":{"confidence_interval":{"confidence_level":0.95,"lower_bound":312792.7091106227,"upper_bound":675015.5463659258},"point_estimate":505547.6501844733,"standard_error":92811.1778540333}}