{"mean":{"confidence_interval":{"confidence_level":0.95,"lower_bound":-0.20145146435149047,"upper_bound":-0.1736960819628109},"point_estimate":-0.18742362984347405,"standard_error":0.007099946492804444},"median":{"confidence_interval":{"confidence_level":0.95,"lower_bound":-0.20460241294652115,"upper_bound":-0.16070593341047235},"point_estimate":-0.1749659677179497,"standard_error":0.011319297081990283}}