{"mean":{"confidence_interval":{"confidence_level":0.95,"lower_bound":0.042557731702253764,"upper_bound":0.0779265712419553},"point_estimate":0.06117050381118805,"standard_error":0.009082510138595476},"median":{"confidence_interval":{"confidence_level":0.95,"lower_bound":0.031722456962202994,"upper_bound":0.06628402501840538},"point_estimate":0.0475062282711034,"standard_error":0.008735208977470411}}