{"mean":{"confidence_interval":{"confidence_level":0.95,"lower_bound":0.07837433918506967,"upper_bound":0.10345784360701113},"point_estimate":0.090298907633793,"standard_error":0.006370634862886732},"median":{"confidence_interval":{"confidence_level":0.95,"lower_bound":0.07368787022450358,"upper_bound":0.0955474360641908},"point_estimate":0.0836612555791032,"standard_error":0.005743337989654352}}