{"mean":{"confidence_interval":{"confidence_level":0.95,"lower_bound":0.2415797138192921,"upper_bound":0.42286691559742484},"point_estimate":0.31999583384377295,"standard_error":0.04628702544246674},"median":{"confidence_interval":{"confidence_level":0.95,"lower_bound":0.1353798746645707,"upper_bound":0.21906313334487582},"point_estimate":0.17126521743999823,"standard_error":0.020760518802128158}}