{"mean":{"confidence_interval":{"confidence_level":0.95,"lower_bound":50247037.675,"upper_bound":51513297.075},"point_estimate":50863759.0,"standard_error":322316.767062092},"median":{"confidence_interval":{"confidence_level":0.95,"lower_bound":49772750.0,"upper_bound":50862550.0},"point_estimate":50371650.0,"standard_error":262052.51791927507},"median_abs_dev":{"confidence_interval":{"confidence_level":0.95,"lower_bound":1715212.4965488918,"upper_bound":2779430.1706552505},"point_estimate":2244137.450158596,"standard_error":268073.7256158438},"slope":null,"std_dev":{"confidence_interval":{"confidence_level":0.95,"lower_bound":2581523.915605011,"upper_bound":3801508.8331679017},"point_estimate":3242557.8834765553,"standard_error":311494.68099696597}}