{"mean":{"confidence_interval":{"confidence_level":0.95,"lower_bound":36050302.4875,"upper_bound":37207226.4625},"point_estimate":36622173.5,"standard_error":295555.0752887673},"median":{"confidence_interval":{"confidence_level":0.95,"lower_bound":35696350.0,"upper_bound":36908025.0},"point_estimate":36356375.0,"standard_error":296996.27019041113},"median_abs_dev":{"confidence_interval":{"confidence_level":0.95,"lower_bound":2182461.2912535667,"upper_bound":3818732.7522039413},"point_estimate":3001746.036708355,"standard_error":420617.11552627856},"slope":null,"std_dev":{"confidence_interval":{"confidence_level":0.95,"lower_bound":2524652.537813683,"upper_bound":3357479.7661500406},"point_estimate":2963082.08132673,"standard_error":212595.8418798956}}