{"mean":{"confidence_interval":{"confidence_level":0.95,"lower_bound":-0.08641616944850733,"upper_bound":-0.04659475340100342},"point_estimate":-0.06587701091568576,"standard_error":0.010172989156229433},"median":{"confidence_interval":{"confidence_level":0.95,"lower_bound":-0.07706387420545806,"upper_bound":-0.04640956222605075},"point_estimate":-0.06252338031419424,"standard_error":0.007816596676098273}}