{"mean":{"confidence_interval":{"confidence_level":0.95,"lower_bound":0.06510337473003067,"upper_bound":0.09182321454244688},"point_estimate":0.0784083087890155,"standard_error":0.006839448422406637},"median":{"confidence_interval":{"confidence_level":0.95,"lower_bound":0.07627720104313096,"upper_bound":0.09817785711412497},"point_estimate":0.08983097114878857,"standard_error":0.006120741286000562}}