{"mean":{"confidence_interval":{"confidence_level":0.95,"lower_bound":0.553627992855633,"upper_bound":0.6443362074463936},"point_estimate":0.5994445870027338,"standard_error":0.023152921246181082},"median":{"confidence_interval":{"confidence_level":0.95,"lower_bound":0.5833193720373309,"upper_bound":0.6599488454088511},"point_estimate":0.6270038800003748,"standard_error":0.018572252396228443}}