{"mean":{"confidence_interval":{"confidence_level":0.95,"lower_bound":-0.14478067882870124,"upper_bound":-0.08906970966440696},"point_estimate":-0.1164578736699976,"standard_error":0.014229000808146219},"median":{"confidence_interval":{"confidence_level":0.95,"lower_bound":-0.11577686540301034,"upper_bound":-0.06012355905025968},"point_estimate":-0.09325038922915485,"standard_error":0.014453759668133358}}