{"mean":{"confidence_interval":{"confidence_level":0.95,"lower_bound":150513751.0,"upper_bound":154428387.0},"point_estimate":152455453.0,"standard_error":1004089.7042441539},"median":{"confidence_interval":{"confidence_level":0.95,"lower_bound":149023300.0,"upper_bound":154328400.0},"point_estimate":151038800.0,"standard_error":1364771.0789284697},"median_abs_dev":{"confidence_interval":{"confidence_level":0.95,"lower_bound":7548509.505987167,"upper_bound":13056294.278204441},"point_estimate":10095986.910760403,"standard_error":1453755.7383607435},"slope":null,"std_dev":{"confidence_interval":{"confidence_level":0.95,"lower_bound":8838113.750083221,"upper_bound":11154800.565434696},"point_estimate":10090332.677374499,"standard_error":590646.0940423576}}