{"mean":{"confidence_interval":{"confidence_level":0.95,"lower_bound":-0.022269650270576827,"upper_bound":0.05745634547118188},"point_estimate":0.019455754673315395,"standard_error":0.020492546681787852},"median":{"confidence_interval":{"confidence_level":0.95,"lower_bound":0.039629864133412074,"upper_bound":0.0805778717839305},"point_estimate":0.05721397645492843,"standard_error":0.009987205015571567}}