{"mean":{"confidence_interval":{"confidence_level":0.95,"lower_bound":-0.016716932435995733,"upper_bound":0.023707927045096607},"point_estimate":0.0036746873107231792,"standard_error":0.010314609742334155},"median":{"confidence_interval":{"confidence_level":0.95,"lower_bound":-0.018189537663962807,"upper_bound":0.03724931310684606},"point_estimate":0.010162229838479142,"standard_error":0.014230428395794697}}