{"mean":{"confidence_interval":{"confidence_level":0.95,"lower_bound":0.05439665930452324,"upper_bound":0.07637287471906135},"point_estimate":0.06517773868266485,"standard_error":0.005629377138963397},"median":{"confidence_interval":{"confidence_level":0.95,"lower_bound":0.052146043774351114,"upper_bound":0.08958825925815744},"point_estimate":0.07183409751994296,"standard_error":0.00958776702953473}}