{"mean":{"confidence_interval":{"confidence_level":0.95,"lower_bound":-0.03610916461682653,"upper_bound":-0.0033491557735587456},"point_estimate":-0.020552585792203648,"standard_error":0.008266552756681252},"median":{"confidence_interval":{"confidence_level":0.95,"lower_bound":-0.05719257637194741,"upper_bound":-0.027772731893561997},"point_estimate":-0.04491121600172154,"standard_error":0.0074833070540111565}}