{"mean":{"confidence_interval":{"confidence_level":0.95,"lower_bound":649584625.0,"upper_bound":667552409.25},"point_estimate":658338927.0,"standard_error":4606370.067021429},"median":{"confidence_interval":{"confidence_level":0.95,"lower_bound":628601200.0,"upper_bound":663805850.0},"point_estimate":642079500.0,"standard_error":9109826.264363572},"median_abs_dev":{"confidence_interval":{"confidence_level":0.95,"lower_bound":20825099.607780576,"upper_bound":56953929.72886562},"point_estimate":37758114.82965946,"standard_error":9489822.372935278},"slope":null,"std_dev":{"confidence_interval":{"confidence_level":0.95,"lower_bound":39189666.80006229,"upper_bound":52243508.31927595},"point_estimate":46236468.98282097,"standard_error":3335182.648159102}}