{"mean":{"confidence_interval":{"confidence_level":0.95,"lower_bound":2052100802.8,"upper_bound":2130226786.825},"point_estimate":2089291659.0,"standard_error":20019394.18953488},"median":{"confidence_interval":{"confidence_level":0.95,"lower_bound":1999653100.0,"upper_bound":2063574650.0},"point_estimate":2023091850.0,"standard_error":16602689.692007976},"median_abs_dev":{"confidence_interval":{"confidence_level":0.95,"lower_bound":87226471.42142057,"upper_bound":150591756.4764619},"point_estimate":111953940.95242023,"standard_error":17031231.741039757},"slope":null,"std_dev":{"confidence_interval":{"confidence_level":0.95,"lower_bound":148866502.05388653,"upper_bound":243489085.50015962},"point_estimate":201244565.00302354,"standard_error":24158664.029332697}}