{"mean":{"confidence_interval":{"confidence_level":0.95,"lower_bound":-0.14465700305070076,"upper_bound":-0.04153822333641557},"point_estimate":-0.0925611564653287,"standard_error":0.02648233046770675},"median":{"confidence_interval":{"confidence_level":0.95,"lower_bound":-0.014315950930518406,"upper_bound":0.03541582413919242},"point_estimate":0.008659264343100714,"standard_error":0.012745273290973462}}