{"mean":{"confidence_interval":{"confidence_level":0.95,"lower_bound":0.17046582746348804,"upper_bound":0.22494962272706207},"point_estimate":0.19583302315318885,"standard_error":0.01420567304712445},"median":{"confidence_interval":{"confidence_level":0.95,"lower_bound":0.12489261675929186,"upper_bound":0.24030532354668632},"point_estimate":0.1974650492913319,"standard_error":0.03188078456526506}}