{"mean":{"confidence_interval":{"confidence_level":0.95,"lower_bound":0.04718214246004509,"upper_bound":0.09048936328018502},"point_estimate":0.06885821394255043,"standard_error":0.011120722818210976},"median":{"confidence_interval":{"confidence_level":0.95,"lower_bound":0.023836160966370645,"upper_bound":0.06614360212622858},"point_estimate":0.041797054891560936,"standard_error":0.010577403329452938}}