{"mean":{"confidence_interval":{"confidence_level":0.95,"lower_bound":0.11423118311278685,"upper_bound":0.14842417311066294},"point_estimate":0.13114023706655997,"standard_error":0.00866054813741151},"median":{"confidence_interval":{"confidence_level":0.95,"lower_bound":0.09376398243438056,"upper_bound":0.1276197080530086},"point_estimate":0.10960689952840696,"standard_error":0.008773617301220676}}