{"mean":{"confidence_interval":{"confidence_level":0.95,"lower_bound":2635931854.35,"upper_bound":2677787222.275},"point_estimate":2656769718.0,"standard_error":10706361.074992664},"median":{"confidence_interval":{"confidence_level":0.95,"lower_bound":2622292400.0,"upper_bound":2691393550.0},"point_estimate":2665734950.0,"standard_error":19467311.481362447},"median_abs_dev":{"confidence_interval":{"confidence_level":0.95,"lower_bound":104123440.9314394,"upper_bound":158722179.05911797},"point_estimate":131913665.48806429,"standard_error":13631688.2381354},"slope":null,"std_dev":{"confidence_interval":{"confidence_level":0.95,"lower_bound":96674767.96098633,"upper_bound":117361226.6943848},"point_estimate":107868645.60647193,"standard_error":5282626.467887175}}