{"mean":{"confidence_interval":{"confidence_level":0.95,"lower_bound":0.23212249984855077,"upper_bound":0.2819446986062077},"point_estimate":0.2553367241162956,"standard_error":0.01287850345812465},"median":{"confidence_interval":{"confidence_level":0.95,"lower_bound":0.21734944707380466,"upper_bound":0.2378174783076259},"point_estimate":0.2275564318021277,"standard_error":0.004988191955866236}}