{"mean":{"confidence_interval":{"confidence_level":0.95,"lower_bound":0.0612464850290524,"upper_bound":0.10555757825495346},"point_estimate":0.08321518674299977,"standard_error":0.011331354524407979},"median":{"confidence_interval":{"confidence_level":0.95,"lower_bound":0.09631368458768108,"upper_bound":0.13881072666792665},"point_estimate":0.11461636923132512,"standard_error":0.011215969640165638}}