{"mean":{"confidence_interval":{"confidence_level":0.95,"lower_bound":404503495.05,"upper_bound":425393861.675},"point_estimate":414311943.0,"standard_error":5349344.648946273},"median":{"confidence_interval":{"confidence_level":0.95,"lower_bound":388867000.0,"upper_bound":397958150.0},"point_estimate":394416100.0,"standard_error":2522713.432184743},"median_abs_dev":{"confidence_interval":{"confidence_level":0.95,"lower_bound":12251020.102500916,"upper_bound":26319930.162727833},"point_estimate":17455464.92010355,"standard_error":3745944.577702268},"slope":null,"std_dev":{"confidence_interval":{"confidence_level":0.95,"lower_bound":37229100.82412126,"upper_bound":68012952.62916575},"point_estimate":53601630.07162002,"standard_error":7875576.200321736}}