{"mean":{"confidence_interval":{"confidence_level":0.95,"lower_bound":-0.16660225496187298,"upper_bound":-0.12360020533235934},"point_estimate":-0.14587601360405522,"standard_error":0.01091980737071282},"median":{"confidence_interval":{"confidence_level":0.95,"lower_bound":-0.19877150837128954,"upper_bound":-0.10991679845072118},"point_estimate":-0.1701569841487065,"standard_error":0.0234261288095123}}