{"mean":{"confidence_interval":{"confidence_level":0.95,"lower_bound":0.03466169537863042,"upper_bound":0.05650607185901878},"point_estimate":0.04586480104829338,"standard_error":0.0055719229826744964},"median":{"confidence_interval":{"confidence_level":0.95,"lower_bound":0.03797579797460049,"upper_bound":0.06862066605088746},"point_estimate":0.05122975384449879,"standard_error":0.008084835209870973}}