{"mean":{"confidence_interval":{"confidence_level":0.95,"lower_bound":14520038.14375,"upper_bound":14989999.55625},"point_estimate":14747895.5,"standard_error":120093.0994931356},"median":{"confidence_interval":{"confidence_level":0.95,"lower_bound":14145600.0,"upper_bound":14563662.5},"point_estimate":14313450.0,"standard_error":107714.7837173382},"median_abs_dev":{"confidence_interval":{"confidence_level":0.95,"lower_bound":539444.0004229546,"upper_bound":1037338.1365835667},"point_estimate":762056.3864707947,"standard_error":119080.32767686195},"slope":null,"std_dev":{"confidence_interval":{"confidence_level":0.95,"lower_bound":1001180.6113324626,"upper_bound":1375615.411051495},"point_estimate":1208130.3213074217,"standard_error":95615.58319031048}}