{"mean":{"confidence_interval":{"confidence_level":0.95,"lower_bound":4978237489.0,"upper_bound":5046057535.575},"point_estimate":5011769688.0,"standard_error":17282252.214735404},"median":{"confidence_interval":{"confidence_level":0.95,"lower_bound":4940382650.0,"upper_bound":5056733000.0},"point_estimate":5003464300.0,"standard_error":31802858.70682618},"median_abs_dev":{"confidence_interval":{"confidence_level":0.95,"lower_bound":152289333.44632387,"upper_bound":233786742.04945564},"point_estimate":187349264.58388567,"standard_error":21277438.233045075},"slope":null,"std_dev":{"confidence_interval":{"confidence_level":0.95,"lower_bound":148587713.1778819,"upper_bound":199183276.29548386},"point_estimate":174092292.83076084,"standard_error":13014035.018933827}}